<?xml version="1.0" encoding="UTF-8"?>
<beans xmlns="http://www.springframework.org/schema/beans"
       xmlns:xsi="http://www.w3.org/2001/XMLSchema-instance"
       xmlns:aop="http://www.springframework.org/schema/aop"
       xsi:schemaLocation="http://www.springframework.org/schema/beans
                           http://www.springframework.org/schema/beans/spring-beans.xsd
                           http://www.springframework.org/schema/aop
                           http://www.springframework.org/schema/aop/spring-aop.xsd">

    <bean id="bookRepository" class="com.library.repository.BookRepository"/>
    <bean id="bookService" class="com.library.service.BookService">
        <property name="bookRepository" ref="bookRepository"/>
    </bean>

    <aop:config>
        <aop:aspect id="loggingAspect" ref="loggingAspect">
            <aop:pointcut id="serviceMethods"
                          expression="execution(* com.library.service..*(..))"/>
            <aop:around pointcut-ref="serviceMethods" method="logExecutionTime"/>
        </aop:aspect>
    </aop:config>

    <bean id="loggingAspect" class="com.library.aspect.LoggingAspect"/>

</beans>